名前,電話番号,郵便番号,住所1,住所2,住所3
"医療法人社団北癒会尾山台歯科クリニック","03-6322-1714","158-0082","東京都","世田谷区","等々力5-5-9高橋ビル1F",""
"医療法人社団北癒会尾山台歯科クリニック","03-6322-1714","158-0082","東京都","世田谷区","等々力5-5-9高橋ビル1F",""
"医療法人社団北癒会尾山台歯科クリニック","03-6322-1714","158-0082","東京都","世田谷区","等々力5-5-9高橋ビル1F",""
"医療法人社団北癒会尾山台歯科クリニック","03-6322-1714","158-0082","東京都","世田谷区","等々力5-5-9高橋ビル1F",""
"医療法人社団北癒会尾山台歯科クリニック","03-6322-1714","158-0082","東京都","世田谷区","等々力5-5-9高橋ビル1F",""
"医療法人社団北癒会尾山台歯科クリニック","03-6322-1714","158-0082","東京都","世田谷区","等々力5-5-9高橋ビル1F",""
"医療法人社団北癒会尾山台歯科クリニック","03-6322-1714","158-0082","東京都","世田谷区","等々力5-5-9高橋ビル1F",""
"医療法人社団北癒会尾山台歯科クリニック","03-6322-1714","158-0082","東京都","世田谷区","等々力5-5-9高橋ビル1F",""
"医療法人社団北癒会尾山台歯科クリニック","03-6322-1714","158-0082","東京都","世田谷区","等々力5-5-9高橋ビル1F",""
"医療法人社団北癒会尾山台歯科クリニック","03-6322-1714","158-0082","東京都","世田谷区","等々力5-5-9高橋ビル1F",""
"医療法人社団北癒会尾山台歯科クリニック","03-6322-1714","158-0082","東京都","世田谷区","等々力5-5-9高橋ビル1F",""
"医療法人社団北癒会尾山台歯科クリニック","03-6322-1714","158-0082","東京都","世田谷区","等々力5-5-9高橋ビル1F",""
"医療法人社団北癒会尾山台歯科クリニック","03-6322-1714","158-0082","東京都","世田谷区","等々力5-5-9高橋ビル1F",""
"医療法人社団北癒会尾山台歯科クリニック","03-6322-1714","158-0082","東京都","世田谷区","等々力5-5-9高橋ビル1F",""
"医療法人社団北癒会尾山台歯科クリニック","03-6322-1714","158-0082","東京都","世田谷区","等々力5-5-9高橋ビル1F",""
"医療法人社団北癒会尾山台歯科クリニック","03-6322-1714","158-0082","東京都","世田谷区","等々力5-5-9高橋ビル1F",""
"医療法人社団北癒会尾山台歯科クリニック","03-6322-1714","158-0082","東京都","世田谷区","等々力5-5-9高橋ビル1F",""
"医療法人社団北癒会尾山台歯科クリニック","03-6322-1714","158-0082","東京都","世田谷区","等々力5-5-9高橋ビル1F",""
"医療法人社団北癒会尾山台歯科クリニック","03-6322-1714","158-0082","東京都","世田谷区","等々力5-5-9高橋ビル1F",""
"医療法人社団北癒会尾山台歯科クリニック","03-6322-1714","158-0082","東京都","世田谷区","等々力5-5-9高橋ビル1F",""
